{"cameraMode":{"drawMode":0,"name":"Shaded","section":"Shading Mode"},"sceneLighting":true,"audioPlay":false,"sceneViewState":{"showFog":true,"showMaterialUpdate":false,"showSkybox":true,"showFlares":true,"showImageEffects":true,"showParticleSystems":true},"in2DMode":false,"pivot":{"x":963.98486328125,"y":530.53271484375,"z":0.0894775390625},"rotation":{"x":-0.11726806312799454,"y":0.14455260336399079,"z":-0.017263183370232583,"w":-0.9823850393295288},"size":7.919555187225342,"orthographic":false}